{
	"authHost": "http://localhost:8000",
	"authEndpoint": "/broadcasting/auth",
	"clients": [
		{
			"appId": "Laravel",
			"key": "base64:VAoq3G8sYlrtc5xFq6pFwB1/Qs4481B1+dU2dtXz7M8="
		}
	],
	"database": "redis",
	"databaseConfig": {
		"redis": {},
		"sqlite": {
			"databasePath": "/database/laravel-echo-server.sqlite"
		}
	},
	"devMode": true,
	"host": "127.0.0.1",
	"port": "6001",
	"protocol": "http",
	"socketio": {},
	"secureOptions": 67108864,
	"sslCertPath": "",
	"sslKeyPath": "",
	"sslCertChainPath": "",
	"sslPassphrase": "",
	"subscribers": {
		"http": true,
		"redis": true
	},
	"apiOriginAllow": {
		"allowCors": true,
		"allowOrigin": "*",
		"allowMethods": "GET, POST",
		"allowHeaders": "Origin, Content-Type, X-Auth-Token, X-Requested-With, Accept, Authorization, X-CSRF-TOKEN, X-Socket-Id"
	}
}